,phrase,label,sentiment,subjectivity,language,count
Donald Trump,Donald Trump,MISC,,,fr,182
Premier ministre,Premier ministre,MISC,,,fr,80
Trump,Trump,MISC,,,fr,45
prix Nobel de physique,prix Nobel de physique,MISC,,,fr,33
États-Unis,États-Unis,MISC,,,fr,30
prix Nobel de la paix,prix Nobel de la paix,MISC,,,fr,23
lAssemblée,lAssemblée,MISC,0.5924204545454546,1.4377895021645024,fr,22
Etats-Unis,Etats-Unis,MISC,1.8919837662337662,2.180167748917749,fr,20
Le Premier ministre,Le Premier ministre,MISC,,,fr,18
Netflix,Netflix,MISC,,,fr,15
YouTube,YouTube,MISC,,,fr,14
prix Nobel de médecine,prix Nobel de médecine,MISC,,,fr,14
Premier,Premier,MISC,,,fr,11
LFI,LFI,MISC,,,fr,11
"REUTERS
","REUTERS
",MISC,,,fr,10
Elon Musk,Elon Musk,MISC,,,fr,10
Première ministre,Première ministre,MISC,,,fr,9
X,X,MISC,,,fr,9
prix Nobel,prix Nobel,MISC,,,fr,9
Français,Français,MISC,0.04095374637988274,0.034511549057003606,fr,9
Pierre,Pierre,MISC,,,fr,9
OpenAI,OpenAI,MISC,,,fr,8
Ça,Ça,MISC,,,fr,8
Première ministre du Japon,Première ministre du Japon,MISC,,,fr,8
The Rock,The Rock,MISC,,,fr,7
Constitution,Constitution,MISC,,,fr,7
prix Nobel de physique 2025,prix Nobel de physique 2025,MISC,,,fr,7
Avengers: Doomsday,Avengers: Doomsday,MISC,,,fr,6
Renaissance,Renaissance,MISC,0.050105820105820105,0.27664682539682545,fr,6
The Smashing Machine,The Smashing Machine,MISC,,,fr,6
Ballon d'or,Ballon d'or,MISC,,,fr,6
Premier ministre israélien,Premier ministre israélien,MISC,,,fr,6
Prix Nobel de la paix ,Prix Nobel de la paix ,MISC,,,fr,6
Starship,Starship,MISC,,,fr,6
prix Nobel de littérature,prix Nobel de littérature,MISC,,,fr,6
Le Nobel de chimie,Le Nobel de chimie,MISC,,,fr,6
prix Nobel de chimie,prix Nobel de chimie,MISC,,,fr,6
Le Premier ministre israélien,Le Premier ministre israélien,MISC,,,fr,5
Le Nobel de médecine,Le Nobel de médecine,MISC,,,fr,5
prix Nobel déconomie,prix Nobel déconomie,MISC,,,fr,5
Only Murders in the Building,Only Murders in the Building,MISC,,,fr,5
Mobstars Stories,Mobstars Stories,MISC,,,fr,5
Prix Nobel de la paix,Prix Nobel de la paix,MISC,,,fr,5
Guerre en Ukraine ,Guerre en Ukraine ,MISC,,,fr,5
iPhone,iPhone,MISC,,,fr,5
Donald Trump ,Donald Trump ,MISC,,,fr,5
Zucman,Zucman,MISC,,,fr,5
ABC,ABC,MISC,,,fr,5
Marvel,Marvel,MISC,,,fr,5
lÉlysée,lÉlysée,MISC,,,fr,4
C,C,MISC,,,fr,4
"Google Actualités
Partager
 Sabonner 
","Google Actualités
Partager
 Sabonner 
",MISC,,,fr,4
iPhone 17,iPhone 17,MISC,,,fr,4
Prix Nobel ,Prix Nobel ,MISC,,,fr,4
prix Lumière 2025,prix Lumière 2025,MISC,,,fr,4
Horizons,Horizons,MISC,0.3857142857142857,1.0269841269841269,fr,4
lUkraine,lUkraine,MISC,,,fr,4
Secret Story,Secret Story,MISC,,,fr,4
Remy-Geest,Remy-Geest,MISC,,,fr,4
administration Trump,administration Trump,MISC,,,fr,4
La Tribune Dimanche,La Tribune Dimanche,MISC,,,fr,4
ChatGPT,ChatGPT,MISC,,,fr,4
Justice,Justice,MISC,,,fr,4
prix Nobel d’économie,prix Nobel d’économie,MISC,,,fr,4
prix Nobel d'économie,prix Nobel d'économie,MISC,,,fr,4
GTA,GTA,MISC,,,fr,4
CNews,CNews,MISC,,,fr,3
People,People,MISC,,,fr,3
Gaza ,Gaza ,MISC,,,fr,3
Il faut sauver le soldat Ryan,Il faut sauver le soldat Ryan,MISC,,,fr,3
Call of Duty,Call of Duty,MISC,,,fr,3
Maison-Blanche,Maison-Blanche,MISC,,,fr,3
iPhone Air,iPhone Air,MISC,,,fr,3
LR,LR,MISC,0.15579166666666666,0.17833333333333332,fr,3
Emma Paris,Emma Paris,MISC,,,fr,3
Une bataille,Une bataille,MISC,,,fr,3
lEtat,lEtat,MISC,0.2891666666666667,0.41654761904761906,fr,3
ça,ça,MISC,,,fr,3
Prix Nobel de physique ,Prix Nobel de physique ,MISC,,,fr,3
DIVERGENCE,DIVERGENCE,MISC,,,fr,3
The Mask,The Mask,MISC,,,fr,3
CR7,CR7,MISC,,,fr,3
Guerre froide,Guerre froide,MISC,,,fr,3
lAméricano,lAméricano,MISC,,,fr,3
Grokipedia,Grokipedia,MISC,,,fr,3
Retraites ,Retraites ,MISC,,,fr,3
prix Nobel déconomie 2025,prix Nobel déconomie 2025,MISC,,,fr,3
Sommet Trump,Sommet Trump,MISC,,,fr,3
IA,IA,MISC,,,fr,3
Décollage,Décollage,MISC,,,fr,3
Google Quantum AI,Google Quantum AI,MISC,,,fr,3
Prime Video,Prime Video,MISC,,,fr,3
Prix Nobel de la Paix,Prix Nobel de la Paix,MISC,,,fr,3
prix Nobel de la paix décerné,prix Nobel de la paix décerné,MISC,,,fr,3
REUTERS,REUTERS,MISC,,,fr,3
Wikipédia,Wikipédia,MISC,,,fr,3
20 Minutes,20 Minutes,MISC,,,fr,3
Melania Trump,Melania Trump,MISC,,,fr,3
With Love,With Love,MISC,,,fr,3
Prix Nobel,Prix Nobel,MISC,,,fr,3
CHRONIQUE,CHRONIQUE,MISC,,,fr,3
Premier mi,Premier mi,MISC,,,fr,3
Affaire Epstein ,Affaire Epstein ,MISC,,,fr,3
coup d'État,coup d'État,MISC,,,fr,2
Al-Ittihad,Al-Ittihad,MISC,,,fr,2
Uncut Gems,Uncut Gems,MISC,,,fr,2
»,»,MISC,0.10400000000000001,0.20450000000000002,fr,2
OFII,OFII,MISC,,,fr,2
Congrès américain,Congrès américain,MISC,,,fr,2
dApple,dApple,MISC,,,fr,2
Le Nobel d'économie 2025,Le Nobel d'économie 2025,MISC,,,fr,2
Prix Nobel d’,Prix Nobel d’,MISC,,,fr,2
Tourcoing,Tourcoing,MISC,,,fr,2
iPhone 17,iPhone 17,MISC,,,fr,2
Heat,Heat,MISC,,,fr,2
Big Tech,Big Tech,MISC,,,fr,2
Nature,Nature,MISC,,,fr,2
L'affaire Madame,L'affaire Madame,MISC,,,fr,2
Un nouveau crime,Un nouveau crime,MISC,,,fr,2
lArconia,lArconia,MISC,,,fr,2
Les Insoumis et les députés écologistes,Les Insoumis et les députés écologistes,MISC,,,fr,2
SWAG II,SWAG II,MISC,,,fr,2
Sénat,Sénat,MISC,,,fr,2
Al-Nassr,Al-Nassr,MISC,,,fr,2
Coupe du Roi,Coupe du Roi,MISC,,,fr,2
Open Food Facts,Open Food Facts,MISC,,,fr,2
Father Mother Sister Brother,Father Mother Sister Brother,MISC,,,fr,2
Yuka,Yuka,MISC,,,fr,2
Crazy Horse,Crazy Horse,MISC,,,fr,2
Brand New Day,Brand New Day,MISC,,,fr,2
lUS Open,lUS Open,MISC,,,fr,2
lOffice,lOffice,MISC,,,fr,2
Lion d'or,Lion d'or,MISC,,,fr,2
The Voice of Hind Rajab,The Voice of Hind Rajab,MISC,,,fr,2
Dix pour cent,Dix pour cent,MISC,,,fr,2
Vendredi,Vendredi,MISC,,,fr,2
Premier ministre issu du,Premier ministre issu du,MISC,,,fr,2
Eta,Eta,MISC,,,fr,2
KYODO,KYODO,MISC,,,fr,2
Un jour sans fin,Un jour sans fin,MISC,,,fr,2
prix Nobel de médecine 2025,prix Nobel de médecine 2025,MISC,,,fr,2
prix Nobel de la paix ce vendredi,prix Nobel de la paix ce vendredi,MISC,,,fr,2
Le Nobel de physique,Le Nobel de physique,MISC,,,fr,2
DECODE Quantum,DECODE Quantum,MISC,,,fr,2
prix Nobel de la paix 2025,prix Nobel de la paix 2025,MISC,,,fr,2
Nobel de physique,Nobel de physique,MISC,,,fr,2
saison Nobel,saison Nobel,MISC,,,fr,2
LECOCQ,LECOCQ,MISC,,,fr,2
Première ministre japonaise,Première ministre japonaise,MISC,,,fr,2
Coupe du monde 2026,Coupe du monde 2026,MISC,,,fr,2
Premier ministre démissionnaire,Premier ministre démissionnaire,MISC,,,fr,2
Église,Église,MISC,,,fr,2
Donald Trump !,Donald Trump !,MISC,,,fr,2
lAcadémie royale des sciences de Suède,lAcadémie royale des sciences de Suède,MISC,,,fr,2
Prix Nobel de chimie,Prix Nobel de chimie,MISC,,,fr,2
Ipsos BVA,Ipsos BVA,MISC,,,fr,2
Prix Nobel de médecine,Prix Nobel de médecine,MISC,,,fr,2
prix Nobel d’économie 2025,prix Nobel d’économie 2025,MISC,,,fr,2
Internet,Internet,MISC,,,fr,2
Écologistes,Écologistes,MISC,,,fr,2
Histoire dune,Histoire dune,MISC,,,fr,2
Meta,Meta,MISC,,,fr,2
KEN CEDENO,KEN CEDENO,MISC,,,fr,2
Sommet pour la paix,Sommet pour la paix,MISC,,,fr,2
The Slits,The Slits,MISC,,,fr,2
Riyadh Comedy Festival,Riyadh Comedy Festival,MISC,,,fr,2
Orient,Orient,MISC,,,fr,2
Prix Nobel de médecine 2025,Prix Nobel de médecine 2025,MISC,,,fr,2
Le Nobel 2025 de physique,Le Nobel 2025 de physique,MISC,,,fr,2
Premier ministre ,Premier ministre ,MISC,,,fr,2
"Google Actualités
Partager
 Sabonner","Google Actualités
Partager
 Sabonner",MISC,,,fr,2
Premier ministre du Japon,Premier ministre du Japon,MISC,,,fr,2
CYRIL BITTON/,CYRIL BITTON/,MISC,,,fr,2
Premiers ministres,Premiers ministres,MISC,,,fr,2
Armées,Armées,MISC,,,fr,2
SÉRIE,SÉRIE,MISC,,,fr,2
Twitch,Twitch,MISC,0.0,0.0,fr,2
Budget,Budget,MISC,,,fr,2
Disney+,Disney+,MISC,0.1,0.6799999999999999,fr,2
Camp Rock »,Camp Rock »,MISC,,,fr,2
Maison-,Maison-,MISC,,,fr,2
Premier ministre indien,Premier ministre indien,MISC,,,fr,2
Pa,Pa,MISC,,,fr,2
10 Downing Street,10 Downing Street,MISC,,,fr,2
Dark Shadows,Dark Shadows,MISC,,,fr,2
Facebook,Facebook,MISC,,,fr,2
La Première dame des États-Unis Melania Trump,La Première dame des États-Unis Melania Trump,MISC,,,fr,2
Premier ministre canadien,Premier ministre canadien,MISC,,,fr,2
Festival,Festival,MISC,,,fr,2
MusicBeer,MusicBeer,MISC,,,fr,2
festival Musique au Jardin,festival Musique au Jardin,MISC,,,fr,2
Lion d’or,Lion d’or,MISC,,,fr,2
La Tribune,La Tribune,MISC,,,fr,2
DIRECT Guerre,DIRECT Guerre,MISC,,,fr,2
Pirates des Caraïbes,Pirates des Caraïbes,MISC,0.03845238095238096,0.14672619047619048,fr,2
iOS,iOS,MISC,,,fr,2
prix Nobel de la paix ,prix Nobel de la paix ,MISC,,,fr,2
Meghan,Meghan,MISC,0.41200000000000003,0.6812499999999999,fr,2
PEOPLE,PEOPLE,MISC,,,fr,2
Pâques,Pâques,MISC,,,fr,2
Emma Stone,Emma Stone,MISC,,,fr,2
Premier ministre français,Premier ministre français,MISC,,,fr,2
dIsraël,dIsraël,MISC,,,fr,2
iMac,iMac,MISC,,,fr,2
New Avengers,New Avengers,MISC,0.32727272727272727,0.30909090909090914,fr,2
Zelensky ,Zelensky ,MISC,,,fr,2
J’ai gagné,J’ai gagné,MISC,,,fr,2
Apple 1,Apple 1,MISC,,,fr,1
prix Sakharov,prix Sakharov,MISC,,,fr,1
festival de Locarno,festival de Locarno,MISC,,,fr,1
Guerre Israël,Guerre Israël,MISC,,,fr,1
LEONARDO FERNANDEZ,LEONARDO FERNANDEZ,MISC,,,fr,1
Prix Nobel de la paix: la Maison Blanche,Prix Nobel de la paix: la Maison Blanche,MISC,,,fr,1
"Lundi, le géant du streaming","Lundi, le géant du streaming",MISC,,,fr,1
Un choix sur la volonté,Un choix sur la volonté,MISC,,,fr,1
Comité Nobel,Comité Nobel,MISC,,,fr,1
Le Nobel d’économie 2025,Le Nobel d’économie 2025,MISC,,,fr,1
Toile,Toile,MISC,,,fr,1
"festival de Locarno
Surprise","festival de Locarno
Surprise",MISC,,,fr,1
prix Nobel d’économie ,prix Nobel d’économie ,MISC,,,fr,1
Pirates,Pirates,MISC,,,fr,1
Comic Con,Comic Con,MISC,,,fr,1
Première mi,Première mi,MISC,,,fr,1
Meghan ,Meghan ,MISC,,,fr,1
obt,obt,MISC,,,fr,1
Guerre à Gaza,Guerre à Gaza,MISC,,,fr,1
dIntercommunalités de France,dIntercommunalités de France,MISC,,,fr,1
La patate chaude,La patate chaude,MISC,,,fr,1
LÉrythrée,LÉrythrée,MISC,,,fr,1
Le Nobel de la paix décerné,Le Nobel de la paix décerné,MISC,,,fr,1
réunio,réunio,MISC,,,fr,1
prix Nobel d'économie décerné,prix Nobel d'économie décerné,MISC,,,fr,1
Elon Musk 0,Elon Musk 0,MISC,,,fr,1
Le Premier ministre ,Le Premier ministre ,MISC,,,fr,1
Proche-Orient,Proche-Orient,MISC,,,fr,1
"SIPA
Par Le service Politique de Marianne","SIPA
Par Le service Politique de Marianne",MISC,,,fr,1
Lecornu 2,Lecornu 2,MISC,,,fr,1
dÉtat,dÉtat,MISC,,,fr,1
Siri,Siri,MISC,,,fr,1
dElon Musk,dElon Musk,MISC,,,fr,1
Si,Si,MISC,,,fr,1
Sommet de la paix»,Sommet de la paix»,MISC,,,fr,1
prix N,prix N,MISC,,,fr,1
The Spectator ,The Spectator ,MISC,,,fr,1
Premier ministre si les conditions,Premier ministre si les conditions,MISC,,,fr,1
Model Y,Model Y,MISC,,,fr,1
dAbdellatif,dAbdellatif,MISC,,,fr,1
Premiers ministres britanniques,Premiers ministres britanniques,MISC,,,fr,1
La prochaine saison,La prochaine saison,MISC,,,fr,1
Ophélie,Ophélie,MISC,,,fr,1
Nobel de la paix,Nobel de la paix,MISC,,,fr,1
IA de Musk,IA de Musk,MISC,,,fr,1
LUDOVIC MARIN,LUDOVIC MARIN,MISC,,,fr,1
Pr,Pr,MISC,,,fr,1
CHRONIQUE DE MICHEL RICHARD,CHRONIQUE DE MICHEL RICHARD,MISC,,,fr,1
Harry et Meghan,Harry et Meghan,MISC,,,fr,1
prix Nobel d’Économie 2025,prix Nobel d’Économie 2025,MISC,,,fr,1
X « ,X « ,MISC,,,fr,1
Heritiere,Heritiere,MISC,,,fr,1
Hongrois,Hongrois,MISC,0.5,0.2,fr,1
lÉglise,lÉglise,MISC,,,fr,1
Prix Nobel de physique 2025,Prix Nobel de physique 2025,MISC,,,fr,1
Le Nobel de cette,Le Nobel de cette,MISC,,,fr,1
Prix Nobel de chimie 2025,Prix Nobel de chimie 2025,MISC,,,fr,1
Trump :,Trump :,MISC,,,fr,1
PRIX NOBEL,PRIX NOBEL,MISC,,,fr,1
prix Nobel de Chimie 2025,prix Nobel de Chimie 2025,MISC,,,fr,1
prix Nobel de Chimie,prix Nobel de Chimie,MISC,,,fr,1
"TOM LITTLE/REUTERS
","TOM LITTLE/REUTERS
",MISC,,,fr,1
Alien,Alien,MISC,,,fr,1
"L'Alien, ça","L'Alien, ça",MISC,,,fr,1
Prix Noble de physique,Prix Noble de physique,MISC,,,fr,1
Adam et Eve ,Adam et Eve ,MISC,,,fr,1
Crise politique ,Crise politique ,MISC,,,fr,1
lIslande,lIslande,MISC,,,fr,1
lAzerbaïdjan,lAzerbaïdjan,MISC,,,fr,1
diPhone,diPhone,MISC,,,fr,1
LAcadémie,LAcadémie,MISC,,,fr,1
lÉducation,lÉducation,MISC,,,fr,1
Queens of the Stone Age,Queens of the Stone Age,MISC,,,fr,1
festival Rock en Seine,festival Rock en Seine,MISC,,,fr,1
E1 Series,E1 Series,MISC,,,fr,1
massacre de Nankin,massacre de Nankin,MISC,,,fr,1
Star Wars,Star Wars,MISC,,,fr,1
c,c,MISC,,,fr,1
prix Nobel de Physique,prix Nobel de Physique,MISC,,,fr,1
MANDEL NGAN,MANDEL NGAN,MISC,,,fr,1
Vl,Vl,MISC,,,fr,1
Premier ministre « surajoute,Premier ministre « surajoute,MISC,,,fr,1
Premier ministre apres,Premier ministre apres,MISC,,,fr,1
tres ephemere gouvernement,tres ephemere gouvernement,MISC,,,fr,1
Sciences,Sciences,MISC,,,fr,1
MOFs,MOFs,MISC,,,fr,1
Moyen-Orient,Moyen-Orient,MISC,,,fr,1
Herm,Herm,MISC,,,fr,1
Libération des otages,Libération des otages,MISC,,,fr,1
Call My Agent!,Call My Agent!,MISC,,,fr,1
Dix pour Cent,Dix pour Cent,MISC,,,fr,1
Cristiano Ronaldo,Cristiano Ronaldo,MISC,0.05541666666666667,0.07125000000000001,fr,1
dentsLes,dentsLes,MISC,,,fr,1
SUAREZ,SUAREZ,MISC,,,fr,1
lEglise,lEglise,MISC,,,fr,1
dévoi,dévoi,MISC,,,fr,1
Récompense internationale,Récompense internationale,MISC,,,fr,1
Prix Nobel de la paix 2025 ,Prix Nobel de la paix 2025 ,MISC,,,fr,1
Bullet Train,Bullet Train,MISC,,,fr,1
The Fall Guy,The Fall Guy,MISC,,,fr,1
Ocean’s 14 ,Ocean’s 14 ,MISC,,,fr,1
lIllinois,lIllinois,MISC,,,fr,1
Notre prix Nobel de la paix 2026,Notre prix Nobel de la paix 2026,MISC,,,fr,1
Premier ministre de la France,Premier ministre de la France,MISC,,,fr,1
prix Nobel de la paix 2026,prix Nobel de la paix 2026,MISC,,,fr,1
couronné prix Nobel de chimie,couronné prix Nobel de chimie,MISC,,,fr,1
Rendez-vous de lhistoire,Rendez-vous de lhistoire,MISC,,,fr,1
FRE,FRE,MISC,,,fr,1
lAssemblée Nobel de lInstitut Karolinska,lAssemblée Nobel de lInstitut Karolinska,MISC,,,fr,1
Nobel de chimie,Nobel de chimie,MISC,,,fr,1
camp Trump,camp Trump,MISC,,,fr,1
Ocean's Eleven,Ocean's Eleven,MISC,,,fr,1
Trop cest trop,Trop cest trop,MISC,,,fr,1
Pékin ,Pékin ,MISC,,,fr,1
Première ministre japonaise Sanae Takaichi,Première ministre japonaise Sanae Takaichi,MISC,,,fr,1
VIRGINIE NGUYEN,VIRGINIE NGUYEN,MISC,,,fr,1
La Famille Addams,La Famille Addams,MISC,,,fr,1
Volodymyr Zelen,Volodymyr Zelen,MISC,,,fr,1
Le Diable s’habille,Le Diable s’habille,MISC,,,fr,1
"AP
Quest","AP
Quest",MISC,,,fr,1
Première ministre de l’histoire du Japon,Première ministre de l’histoire du Japon,MISC,,,fr,1
Guerre en Ukraine : La Chine,Guerre en Ukraine : La Chine,MISC,,,fr,1
Bienvenue chez les dingues,Bienvenue chez les dingues,MISC,,,fr,1
lalgorithme Quantum Echoes,lalgorithme Quantum Echoes,MISC,,,fr,1
Willow,Willow,MISC,,,fr,1
Quantum Echoes,Quantum Echoes,MISC,,,fr,1
Vous avez raté les derniers événements sur la guerre en Ukraine ,Vous avez raté les derniers événements sur la guerre en Ukraine ,MISC,,,fr,1
sommet Trump,sommet Trump,MISC,,,fr,1
Japonais,Japonais,MISC,0.010062111801242238,0.008074534161490681,fr,1
Mediapart,Mediapart,MISC,0.04240000000000001,0.029999999999999992,fr,1
Go-Sakuramachi,Go-Sakuramachi,MISC,,,fr,1
ex,ex,MISC,,,fr,1
prix Nobel d'économie ,prix Nobel d'économie ,MISC,,,fr,1
Nobel d’économie,Nobel d’économie,MISC,,,fr,1
prix Nobel d’,prix Nobel d’,MISC,,,fr,1
Bel20,Bel20,MISC,,,fr,1
Première ministre du pays asiatique,Première ministre du pays asiatique,MISC,,,fr,1
Première ministre ,Première ministre ,MISC,,,fr,1
Japon ,Japon ,MISC,,,fr,1
oppo,oppo,MISC,,,fr,1
Ishin,Ishin,MISC,,,fr,1
Palestiniens,Palestiniens,MISC,,,fr,1
Ballon d’or,Ballon d’or,MISC,,,fr,1
Josh Connor,Josh Connor,MISC,,,fr,1
Diète,Diète,MISC,,,fr,1
The Bear,The Bear,MISC,,,fr,1
The Bear”,The Bear”,MISC,,,fr,1
Boss de Hollywood,Boss de Hollywood,MISC,,,fr,1
Journée des parrains et marraines,Journée des parrains et marraines,MISC,,,fr,1
"Star Academy : candidats, Belgitude","Star Academy : candidats, Belgitude",MISC,,,fr,1
com,com,MISC,,,fr,1
quIsraël,quIsraël,MISC,,,fr,1
Hémicycle vendredi,Hémicycle vendredi,MISC,,,fr,1
Russes,Russes,MISC,,,fr,1
Lundi 4,Lundi 4,MISC,,,fr,1
Arri,Arri,MISC,,,fr,1
TikTok,TikTok,MISC,,,fr,1
Grèce ,Grèce ,MISC,,,fr,1
Encouragements,Encouragements,MISC,,,fr,1
Rachida Dati na,Rachida Dati na,MISC,,,fr,1
campagne pour Paris,campagne pour Paris,MISC,,,fr,1
Renaissance et Horizons,Renaissance et Horizons,MISC,,,fr,1
BER,BER,MISC,,,fr,1
PFC,PFC,MISC,,,fr,1
Louvre Renaissance,Louvre Renaissance,MISC,,,fr,1
Françaises,Françaises,MISC,,,fr,1
USA Today,USA Today,MISC,,,fr,1
V2,V2,MISC,,,fr,1
Zucman light ,Zucman light ,MISC,,,fr,1
Trump « ,Trump « ,MISC,,,fr,1
Nutri,Nutri,MISC,,,fr,1
lunivers Marvel,lunivers Marvel,MISC,,,fr,1
Yuka ,Yuka ,MISC,,,fr,1
Prix Nobel d'économie 2025,Prix Nobel d'économie 2025,MISC,,,fr,1
Frankenstein,Frankenstein,MISC,,,fr,1
Premier ministre du Canada,Premier ministre du Canada,MISC,,,fr,1
Shutdown ,Shutdown ,MISC,,,fr,1
Prim,Prim,MISC,,,fr,1
Faut,Faut,MISC,0.11333333333333333,0.2833333333333333,fr,1
CR950,CR950,MISC,0.14166666666666666,0.3333333333333333,fr,1
Situation budgetaire,Situation budgetaire,MISC,,,fr,1
The Odyssey,The Odyssey,MISC,,,fr,1
IMAX,IMAX,MISC,,,fr,1
Nobel de physique 2025,Nobel de physique 2025,MISC,,,fr,1
Festival Lumière,Festival Lumière,MISC,,,fr,1
Macrohard,Macrohard,MISC,,,fr,1
Sur les retraites,Sur les retraites,MISC,,,fr,1
A lAssemblée,A lAssemblée,MISC,,,fr,1
Une interruption dhorloge,Une interruption dhorloge,MISC,,,fr,1
Moyen,Moyen,MISC,,,fr,1
Guerre en Ukraine : les Etats,Guerre en Ukraine : les Etats,MISC,,,fr,1
From the Pyre,From the Pyre,MISC,,,fr,1
The Last Dinner Party,The Last Dinner Party,MISC,,,fr,1
"Starship
","Starship
",MISC,,,fr,1
Invasion de l'Ukraine,Invasion de l'Ukraine,MISC,,,fr,1
Espace,Espace,MISC,,,fr,1
Les kamikazés,Les kamikazés,MISC,,,fr,1
Première ministre de l'histoire,Première ministre de l'histoire,MISC,,,fr,1
Premier ministre suspende,Premier ministre suspende,MISC,,,fr,1
prix Nobel d’Économie,prix Nobel d’Économie,MISC,,,fr,1
20 Heures,20 Heures,MISC,,,fr,1
PARRA,PARRA,MISC,,,fr,1
Première,Première,MISC,,,fr,1
Mai 2022,Mai 2022,MISC,,,fr,1
Starship percent,Starship percent,MISC,,,fr,1
This Is Me,This Is Me,MISC,,,fr,1
Change A Thing »,Change A Thing »,MISC,,,fr,1
Le Diable s’habil,Le Diable s’habil,MISC,,,fr,1
Casting,Casting,MISC,,,fr,1
Le Diable s'habille,Le Diable s'habille,MISC,,,fr,1
Camping 4,Camping 4,MISC,,,fr,1
booster Siri,booster Siri,MISC,,,fr,1
HomeKit,HomeKit,MISC,,,fr,1
lIA,lIA,MISC,0.182,0.2,fr,1
Prompt AI,Prompt AI,MISC,,,fr,1
Un moment empli de nostalgie pour les fans de la grande époque de Disney Channel,Un moment empli de nostalgie pour les fans de la grande époque de Disney Channel,MISC,,,fr,1
Verbe,Verbe,MISC,,,fr,1
Sénat ce mercredi,Sénat ce mercredi,MISC,,,fr,1
festival Lumière,festival Lumière,MISC,,,fr,1
» Mardi 14 octobre,» Mardi 14 octobre,MISC,,,fr,1
I'm trying,I'm trying,MISC,,,fr,1
Oc,Oc,MISC,,,fr,1
macronie,macronie,MISC,,,fr,1
Well,Well,MISC,,,fr,1
Parce quune autre personne,Parce quune autre personne,MISC,,,fr,1
Prix Nobel d’Économie,Prix Nobel d’Économie,MISC,,,fr,1
Prix Nobel d'Économie 2025,Prix Nobel d'Économie 2025,MISC,,,fr,1
Prix Nobel d’Économie tacle la Taxe Zucman,Prix Nobel d’Économie tacle la Taxe Zucman,MISC,,,fr,1
Mistral AI,Mistral AI,MISC,,,fr,1
Fr,Fr,MISC,,,fr,1
Les Journées de léconomie,Les Journées de léconomie,MISC,,,fr,1
GREGORIO BORGIA,GREGORIO BORGIA,MISC,,,fr,1
Les Journées de l’économie,Les Journées de l’économie,MISC,,,fr,1
Journées de l’économie,Journées de l’économie,MISC,,,fr,1
Benyamin,Benyamin,MISC,,,fr,1
Annals of Internal Medicine,Annals of Internal Medicine,MISC,,,fr,1
Star Academy”,Star Academy”,MISC,,,fr,1
Star Academy,Star Academy,MISC,,,fr,1
Les concerts dOasis,Les concerts dOasis,MISC,,,fr,1
Les Françaises,Les Françaises,MISC,,,fr,1
Sécu 2026,Sécu 2026,MISC,,,fr,1
prix Nobel d'économie 2025,prix Nobel d'économie 2025,MISC,,,fr,1
Age,Age,MISC,,,fr,1
Un nouveau recours,Un nouveau recours,MISC,,,fr,1
Senat,Senat,MISC,,,fr,1
Mission impossible,Mission impossible,MISC,,,fr,1
The New York Times,The New York Times,MISC,,,fr,1
Dauphiné Libéré,Dauphiné Libéré,MISC,,,fr,1
Premier ministre de suspendre,Premier ministre de suspendre,MISC,,,fr,1
lAméricain John Martinis,lAméricain John Martinis,MISC,,,fr,1
Nobel de médecine,Nobel de médecine,MISC,,,fr,1
lAméricain John M. Martinis,lAméricain John M. Martinis,MISC,,,fr,1
Apple Watch,Apple Watch,MISC,,,fr,1
Premier ministre en quête de compromis,Premier ministre en quête de compromis,MISC,,,fr,1
Un avertissement aux Occidentaux,Un avertissement aux Occidentaux,MISC,,,fr,1
Occidentaux,Occidentaux,MISC,,,fr,1
lHémicycle,lHémicycle,MISC,,,fr,1
GOMIS,GOMIS,MISC,,,fr,1
Harry mercredi soir,Harry mercredi soir,MISC,,,fr,1
Un coup de feu,Un coup de feu,MISC,,,fr,1
Utah J.B.,Utah J.B.,MISC,,,fr,1
Bombardements,Bombardements,MISC,,,fr,1
Premier ministre charg,Premier ministre charg,MISC,,,fr,1
Ligue du Nord,Ligue du Nord,MISC,,,fr,1
Gallimard,Gallimard,MISC,,,fr,1
lEuropéen,lEuropéen,MISC,,,fr,1
XXe siècle,XXe siècle,MISC,,,fr,1
LEurope,LEurope,MISC,,,fr,1
Dissolution,Dissolution,MISC,,,fr,1
Décryptage,Décryptage,MISC,,,fr,1
The Running Man,The Running Man,MISC,,,fr,1
Marche ou crève,Marche ou crève,MISC,,,fr,1
Rencontres du troisième type »,Rencontres du troisième type »,MISC,,,fr,1
Les Dents de la mer »,Les Dents de la mer »,MISC,,,fr,1
Le Parrain 2,Le Parrain 2,MISC,,,fr,1
iPhone 17 !,iPhone 17 !,MISC,,,fr,1
Benzema,Benzema,MISC,,,fr,1
"CRISP
Pour l'expe","CRISP
Pour l'expe",MISC,,,fr,1
Bloquons,Bloquons,MISC,0.036562500000000005,0.05468750000000001,fr,1
Succession »,Succession »,MISC,,,fr,1
Premier ministre de Matignon,Premier ministre de Matignon,MISC,,,fr,1
sarrêter,sarrêter,MISC,,,fr,1
Matignon,Matignon,MISC,0.00023550724637681165,0.0015398550724637682,fr,1
Donald trump,Donald trump,MISC,,,fr,1
Assemblee nationale,Assemblee nationale,MISC,,,fr,1
La gagnante de Secret Story,La gagnante de Secret Story,MISC,,,fr,1
"années""En","années""En",MISC,,,fr,1
Resolution passes along party lines,Resolution passes along party lines,MISC,,,fr,1
Board backs Charlie Kirk Day of Remembrance amid backlash,Board backs Charlie Kirk Day of Remembrance amid backlash,MISC,,,fr,1
Mort à la gauche» ,Mort à la gauche» ,MISC,,,fr,1
suivant(x,suivant(x,MISC,,,fr,1
Au(x,Au(x,MISC,,,fr,1
TALK SHOW,TALK SHOW,MISC,,,fr,1
Conflit israélo,Conflit israélo,MISC,,,fr,1
Commenting About His Fly Being Open,Commenting About His Fly Being Open,MISC,,,fr,1
ABC ,ABC ,MISC,,,fr,1
journalist,journalist,MISC,,,fr,1
Les Juifs,Les Juifs,MISC,,,fr,1
Dembélé,Dembélé,MISC,,,fr,1
Fashion statement or big,Fashion statement or big,MISC,,,fr,1
den,den,MISC,,,fr,1
Fête de « ,Fête de « ,MISC,,,fr,1
BAC,BAC,MISC,,,fr,1
The Pitt,The Pitt,MISC,,,fr,1
Emmy Awards 2025 ,Emmy Awards 2025 ,MISC,,,fr,1
Etats et entreprises,Etats et entreprises,MISC,,,fr,1
États et entreprises,États et entreprises,MISC,,,fr,1
Nouveau Premier ministre ,Nouveau Premier ministre ,MISC,,,fr,1
Seigneur,Seigneur,MISC,,,fr,1
Angélus,Angélus,MISC,,,fr,1
There was reason to celebrate this weekend at the Bieber household,There was reason to celebrate this weekend at the Bieber household,MISC,,,fr,1
Global Sumud Flotilla,Global Sumud Flotilla,MISC,,,fr,1
Congrès,Congrès,MISC,,,fr,1
Cristiano Ronaldo na,Cristiano Ronaldo na,MISC,,,fr,1
it wasn’t the milestone,it wasn’t the milestone,MISC,,,fr,1
Invité à Kiev,Invité à Kiev,MISC,,,fr,1
lUtah,lUtah,MISC,,,fr,1
Lion d'or d'honneur,Lion d'or d'honneur,MISC,,,fr,1
l’US Open,l’US Open,MISC,,,fr,1
court Arthur,court Arthur,MISC,,,fr,1
Harry Styles,Harry Styles,MISC,,,fr,1
championnats Pride,championnats Pride,MISC,,,fr,1
The Smashing Machine” ,The Smashing Machine” ,MISC,,,fr,1
After the Hunt »,After the Hunt »,MISC,,,fr,1
The Testament of An,The Testament of An,MISC,,,fr,1
Met gala,Met gala,MISC,,,fr,1
Premiers ministrables,Premiers ministrables,MISC,,,fr,1
Ce 1er septembre,Ce 1er septembre,MISC,,,fr,1
Premier ministre dans une frappe israélienne,Premier ministre dans une frappe israélienne,MISC,,,fr,1
82e Mostra de cinéma,82e Mostra de cinéma,MISC,,,fr,1
Marine,Marine,MISC,,,fr,1
lOrgan,lOrgan,MISC,,,fr,1
XXe sièc,XXe sièc,MISC,,,fr,1
PEOPLEMais,PEOPLEMais,MISC,,,fr,1
Taylor Swift &Travis K SDC,Taylor Swift &Travis K SDC,MISC,,,fr,1
Americains,Americains,MISC,,,fr,1
US Open,US Open,MISC,,,fr,1
dAfter,dAfter,MISC,,,fr,1
post-#MeToo,post-#MeToo,MISC,,,fr,1
Medef,Medef,MISC,0.22,0.1375,fr,1
Rencontre ,Rencontre ,MISC,,,fr,1
Ayo Ed,Ayo Ed,MISC,,,fr,1
Hors Compétition,Hors Compétition,MISC,,,fr,1
post-MeToo,post-MeToo,MISC,,,fr,1
After the Hunt,After the Hunt,MISC,,,fr,1
Le Murder Club du Jeudi,Le Murder Club du Jeudi,MISC,,,fr,1
Lido,Lido,MISC,,,fr,1
Call me by your name,Call me by your name,MISC,,,fr,1
Wicked,Wicked,MISC,,,fr,1
Harry,Harry,MISC,0.25,0.16666666666666666,fr,1
Le Murder Club du jeudi,Le Murder Club du jeudi,MISC,,,fr,1
so,so,MISC,,,fr,1
La Première ministre italienne,La Première ministre italienne,MISC,,,fr,1
Premier-ministrables r,Premier-ministrables r,MISC,,,fr,1
Une visite un peu vaine,Une visite un peu vaine,MISC,,,fr,1
Sister,Sister,MISC,,,fr,1
Ghost Elephants,Ghost Elephants,MISC,,,fr,1
Lion dor,Lion dor,MISC,,,fr,1
Vanity Fair,Vanity Fair,MISC,,,fr,1
Wizards of Waverly Place,Wizards of Waverly Place,MISC,,,fr,1
Focus,Focus,MISC,,,fr,1
Medal of Honor,Medal of Honor,MISC,,,fr,1
Rami Hassan,Rami Hassan,MISC,,,fr,1
LItalien,LItalien,MISC,,,fr,1
Taylor Swift ,Taylor Swift ,MISC,,,fr,1
La finale,La finale,MISC,,,fr,1
US Open ,US Open ,MISC,,,fr,1
Doctor Strange,Doctor Strange,MISC,,,fr,1
danniversaire dune,danniversaire dune,MISC,,,fr,1
Dents de la Mer,Dents de la Mer,MISC,,,fr,1
The Prophecy,The Prophecy,MISC,,,fr,1
Seuil,Seuil,MISC,0.2211111111111111,0.16666666666666669,fr,1
Parmi les partic,Parmi les partic,MISC,,,fr,1
Sommet des libertés,Sommet des libertés,MISC,,,fr,1
Dissolution ,Dissolution ,MISC,,,fr,1
CHRISTINNE MUSCHI,CHRISTINNE MUSCHI,MISC,,,fr,1
Constitution »,Constitution »,MISC,,,fr,1
The Royal Butler,The Royal Butler,MISC,,,fr,1
Lintérêt dune,Lintérêt dune,MISC,,,fr,1
Le Premier ministre canadien,Le Premier ministre canadien,MISC,,,fr,1
ANTHROPIC,ANTHROPIC,MISC,,,fr,1
Riffs grunge,Riffs grunge,MISC,,,fr,1
The Smashing Machine ,The Smashing Machine ,MISC,,,fr,1
The Smashing Machine »,The Smashing Machine »,MISC,,,fr,1
EDWARDSVILLE Citizens attending Wednesday's Madison County Board,EDWARDSVILLE Citizens attending Wednesday's Madison County Board,MISC,,,fr,1
Day of Remembrance for conservative political activist Charlie Kirk,Day of Remembrance for conservative political activist Charlie Kirk,MISC,,,fr,1
pro,pro,MISC,,,fr,1
Renaissance la veille,Renaissance la veille,MISC,,,fr,1
DIVERGENCE  ,DIVERGENCE  ,MISC,,,fr,1
Le Maire,Le Maire,MISC,,,fr,1
Premier ministre le plus éphémère,Premier ministre le plus éphémère,MISC,,,fr,1
plan Trump,plan Trump,MISC,,,fr,1
DILKOFF,DILKOFF,MISC,,,fr,1
FRANCE,FRANCE,MISC,,,fr,1
Committee for the First Amendment,Committee for the First Amendment,MISC,,,fr,1
REUTE,REUTE,MISC,,,fr,1
Première ministre du pays,Première ministre du pays,MISC,,,fr,1
Effet dannonce ,Effet dannonce ,MISC,,,fr,1
L’intersyndicale réunionnaise,L’intersyndicale réunionnaise,MISC,,,fr,1
The Ritual,The Ritual,MISC,,,fr,1
Démocratiquement fair-play,Démocratiquement fair-play,MISC,,,fr,1
coup de poker,coup de poker,MISC,,,fr,1
LR Martine Vassal,LR Martine Vassal,MISC,,,fr,1
lEst ,lEst ,MISC,,,fr,1
The Life Of a Showgirl,The Life Of a Showgirl,MISC,,,fr,1
Eras Tour,Eras Tour,MISC,,,fr,1
LP,LP,MISC,,,fr,1
The Tortured Poets Department,The Tortured Poets Department,MISC,,,fr,1
The Life of,The Life of,MISC,,,fr,1
Le Premier ministre s’,Le Premier ministre s’,MISC,,,fr,1
Premier ministre ce vendredi,Premier ministre ce vendredi,MISC,,,fr,1
"SIPA 
Commenter
 ","SIPA 
Commenter
 ",MISC,,,fr,1
ISA,ISA,MISC,,,fr,1
yo-yo,yo-yo,MISC,,,fr,1
Russe,Russe,MISC,,,fr,1
Le patron,Le patron,MISC,,,fr,1
lEurope,lEurope,MISC,,,fr,1
Gaza ,Gaza ,MISC,,,fr,1
Transition éc,Transition éc,MISC,,,fr,1
JustPyramid,JustPyramid,MISC,,,fr,1
Discours,Discours,MISC,,,fr,1
vi,vi,MISC,,,fr,1
Les Misérables,Les Misérables,MISC,,,fr,1
TFX lannée prochaine,TFX lannée prochaine,MISC,,,fr,1
Prix Nobel de physique,Prix Nobel de physique,MISC,,,fr,1
Le crime est leur affaire !,Le crime est leur affaire !,MISC,,,fr,1
prix Nobel d,prix Nobel d,MISC,,,fr,1
PROX NOBEL,PROX NOBEL,MISC,,,fr,1
INSOLITE,INSOLITE,MISC,,,fr,1
Premier minist,Premier minist,MISC,,,fr,1
Dr Ramsdell,Dr Ramsdell,MISC,,,fr,1
Première ministre de l’Archipel,Première ministre de l’Archipel,MISC,,,fr,1
T,T,MISC,,,fr,1
Le Nobel de médecine 2025,Le Nobel de médecine 2025,MISC,,,fr,1
Prix Nobel de physiologie,Prix Nobel de physiologie,MISC,,,fr,1
prix Nobel 2025,prix Nobel 2025,MISC,,,fr,1
limpasse 14 heures,limpasse 14 heures,MISC,,,fr,1
Premier ministre de gauche,Premier ministre de gauche,MISC,,,fr,1
Première ministre du Japon ,Première ministre du Japon ,MISC,,,fr,1
New Start,New Start,MISC,,,fr,1
Nucléaire,Nucléaire,MISC,,,fr,1
Ballon d’or 2006,Ballon d’or 2006,MISC,,,fr,1
WONG,WONG,MISC,,,fr,1
PC,PC,MISC,,,fr,1
Global Sumud,Global Sumud,MISC,,,fr,1
lensemble,lensemble,MISC,,,fr,1
INTERNATIONAL,INTERNATIONAL,MISC,0.18166666666666664,0.17500000000000002,fr,1
Premier ministre le plus éphémère de la,Premier ministre le plus éphémère de la,MISC,,,fr,1
NOBEL,NOBEL,MISC,,,fr,1
Planète de «Libération»,Planète de «Libération»,MISC,,,fr,1
La Somme,La Somme,MISC,,,fr,1
KillNet,KillNet,MISC,,,fr,1
La condamnation à mort,La condamnation à mort,MISC,,,fr,1
ABC aprè,ABC aprè,MISC,,,fr,1
Reconnaître un État de Palestine,Reconnaître un État de Palestine,MISC,,,fr,1
» Voilà une sortie,» Voilà une sortie,MISC,,,fr,1
Un Premier ministre sans ministre,Un Premier ministre sans ministre,MISC,,,fr,1
La Fran,La Fran,MISC,,,fr,1
Vengeance,Vengeance,MISC,,,fr,1
loi »,loi »,MISC,,,fr,1
Premier League,Premier League,MISC,,,fr,1
Une bataille après l'autre,Une bataille après l'autre,MISC,,,fr,1
There Will Be Blood,There Will Be Blood,MISC,,,fr,1
Leonardo DiCaprio,Leonardo DiCaprio,MISC,,,fr,1
"Google Actualités
Part","Google Actualités
Part",MISC,,,fr,1
ANGELA WEISS,ANGELA WEISS,MISC,,,fr,1
Palestine,Palestine,MISC,0.006770833333333333,0.007291666666666668,fr,1
Culture de Libé,Culture de Libé,MISC,,,fr,1
sy,sy,MISC,,,fr,1
Dans l'ombre,Dans l'ombre,MISC,,,fr,1
sapp,sapp,MISC,,,fr,1
Un peuple et son roi,Un peuple et son roi,MISC,,,fr,1
L'Exercice de l'État,L'Exercice de l'État,MISC,,,fr,1
Arte,Arte,MISC,0.018214285714285714,0.15,fr,1
Dawson,Dawson,MISC,,,fr,1
XX e siecle,XX e siecle,MISC,,,fr,1
Ballon d&#8217;or,Ballon d&#8217;or,MISC,,,fr,1
dEmmanuel,dEmmanuel,MISC,,,fr,1
Histoire,Histoire,MISC,,,fr,1
Spice Girl,Spice Girl,MISC,,,fr,1
"», vendredi soir","», vendredi soir",MISC,,,fr,1
Shutterstock.com,Shutterstock.com,MISC,,,fr,1
DFree,DFree,MISC,,,fr,1
Daily Geek Show,Daily Geek Show,MISC,,,fr,1
James,James,MISC,,,fr,1
STREAMING,STREAMING,MISC,,,fr,1
Un Ukrainien,Un Ukrainien,MISC,,,fr,1
Premier ministre de ne faire « ,Premier ministre de ne faire « ,MISC,,,fr,1
"BORIS SÉMÉNIAKO
","BORIS SÉMÉNIAKO
",MISC,,,fr,1
Variety,Variety,MISC,,,fr,1
dEtat,dEtat,MISC,,,fr,1
The Life of a Showgirl”,The Life of a Showgirl”,MISC,,,fr,1
McCarty,McCarty,MISC,,,fr,1
Diplomatie,Diplomatie,MISC,,,fr,1
Gaza,Gaza,MISC,-0.001729559748427673,0.007389937106918239,fr,1
Grèc,Grèc,MISC,,,fr,1
"ANDREW MEDICHINI / AP
","ANDREW MEDICHINI / AP
",MISC,,,fr,1
Pfizer,Pfizer,MISC,,,fr,1
The Truman Show,The Truman Show,MISC,,,fr,1
Donald Trump Nouvelles révélations,Donald Trump Nouvelles révélations,MISC,,,fr,1
lItalie,lItalie,MISC,,,fr,1
lAmérique,lAmérique,MISC,,,fr,1
#1 Monstre,#1 Monstre,MISC,,,fr,1
The Witcher&#8230,The Witcher&#8230,MISC,,,fr,1
La Haute Autorité,La Haute Autorité,MISC,,,fr,1
Go-Go’s Berlinda Carlisle,Go-Go’s Berlinda Carlisle,MISC,,,fr,1
La macronie,La macronie,MISC,,,fr,1
RH,RH,MISC,,,fr,1
lISF,lISF,MISC,,,fr,1
Le Parisien»,Le Parisien»,MISC,,,fr,1
Micros,Micros,MISC,,,fr,1
Michel,Michel,MISC,,,fr,1
MOLOSHOK,MOLOSHOK,MISC,,,fr,1
DANNY,DANNY,MISC,,,fr,1
REPÉRÉE,REPÉRÉE,MISC,,,fr,1
Task»,Task»,MISC,,,fr,1
Go-Go's,Go-Go's,MISC,,,fr,1
Donald Trump ny,Donald Trump ny,MISC,,,fr,1
Premier ministre de « ,Premier ministre de « ,MISC,,,fr,1
